{"cameraMode":{"drawMode":0,"name":"Shaded","section":"Shading Mode"},"sceneLighting":true,"audioPlay":false,"sceneViewState":{"showFog":true,"showMaterialUpdate":false,"showSkybox":true,"showFlares":true,"showImageEffects":true,"showParticleSystems":true},"in2DMode":false,"pivot":{"x":-0.9956192970275879,"y":-7.28125,"z":-0.364013671875},"rotation":{"x":0.7279984354972839,"y":1.2020724859951315e-8,"z":7.871149954041812e-9,"w":0.6855788230895996},"size":110.31847381591797,"orthographic":true}